<?xml version="1.0" encoding="UTF-8"?>
<document-metadata version="1.0">
  <document-info>
    <view-link param="archiveOffset={position}" />
  </document-info>
  <section type="chat" position="1213565">
    <content>na</content>
  </section>
  <section type="chat" position="1334533">
    <content>ostad sedaton ghato vasl mishe</content>
  </section>
  <section type="chat" position="1342450">
    <content />
  </section>
  <section type="chat" position="1379771">
    <content>abzarhaii ke ba moha mikonim etalaat ro be eshterak bezarim</content>
  </section>
  <section type="chat" position="1411347">
    <content>be eskterak gozashtan data dar device mokhtalef</content>
  </section>
  <section type="chat" position="3024111">
    <content>sendMessage6</content>
  </section>
  <section type="chat" position="3028112">
    <content>kheir</content>
  </section>
  <section type="chat" position="3839982">
    <content>che tafavoti daran ina ostad?</content>
  </section>
  <section type="chat" position="4861762">
    <content>na ostad</content>
  </section>
  <section type="chat" position="4867888">
    <content>na ostad mamnun</content>
  </section>
  <section type="chat" position="4867888">
    <content>mamnoun ostad khaste nabashid</content>
  </section>
  <section type="chat" position="4869476">
    <content>na mamnoon</content>
  </section>
  <section type="chat" position="4876613">
    <content />
  </section>
  <section type="chat" position="4878838">
    <content>khaste nabashid</content>
  </section>
  <section type="chat" position="4882642">
    <content>khaste nabashid</content>
  </section>
  <section type="chat" position="4886922">
    <content>ostad in narmafzar bara linuxam hast ?</content>
  </section>
  <section type="chat" position="4886922">
    <content />
  </section>
  <section type="chat" position="4886922">
    <content>khaste nabashid ostad kamel va mofid bod</content>
  </section>
  <section type="chat" position="4889507">
    <content>khaste nabashid</content>
  </section>
  <section type="chat" position="4892934">
    <content>khaste nabashid</content>
  </section>
  <section type="chat" position="4898813">
    <content>Khaste nabashid</content>
  </section>
  <connect-version>8</connect-version>
</document-metadata>

