<!--This is the opening comment-->
<root>
    <Signature><![CDATA[FLV]]></Signature>
    <Version><![CDATA[1]]></Version>
    <Flag><![CDATA[data]]></Flag>
    <DataPos><![CDATA[9]]></DataPos>
    <Message time="0" type="data">
        <Method><![CDATA[onMetaData]]></Method>
        <Array>
            <Number><![CDATA[1.645000]]></Number>
            <Number><![CDATA[0]]></Number>
            <Number><![CDATA[0]]></Number>
            <String><![CDATA[false]]></String>
            <String><![CDATA[AMS 5]]></String>
            <String><![CDATA[Wed Feb 17 10:03:42 2021]]></String>
        </Array>
    </Message>
    <Message time="0" type="data">
        <Method><![CDATA[playEvent]]></Method>
        <String><![CDATA[__start__]]></String>
    </Message>
    <Message time="0" type="data">
        <Method><![CDATA[playEvent]]></Method>
        <Object>
            <id><![CDATA[2]]></id>
            <name><![CDATA[playEvent]]></name>
            <time><![CDATA[46]]></time>
        </Object>
        <String><![CDATA[setHistory6]]></String>
        <Array><![CDATA[]]></Array>
        <String><![CDATA[]]></String>
        <Number><![CDATA[12600000]]></Number>
        <String><![CDATA[]]></String>
    </Message>
    <Message time="0" type="data">
        <Method><![CDATA[playEvent]]></Method>
        <Object>
            <id><![CDATA[3]]></id>
            <name><![CDATA[playEvent]]></name>
            <time><![CDATA[48]]></time>
        </Object>
        <String><![CDATA[__registerSo__]]></String>
        <Array>
            <Object>
                <soEventName><![CDATA[setTypingStatus]]></soEventName>
                <soName><![CDATA[public/all/2_typing]]></soName>
                <soPersist><![CDATA[false]]></soPersist>
            </Object>
        </Array>
    </Message>
    <Message time="0" type="data">
        <Method><![CDATA[playEvent]]></Method>
        <Object>
            <id><![CDATA[4]]></id>
            <name><![CDATA[playEvent]]></name>
            <time><![CDATA[51]]></time>
        </Object>
        <String><![CDATA[setTypingStatus]]></String>
        <Array><![CDATA[]]></Array>
    </Message>
    <Message time="1645" type="data">
        <Method><![CDATA[playEvent]]></Method>
        <String><![CDATA[__stop__]]></String>
    </Message>

    <!--This is a closing comment-->
</root>
