<!--This is the opening comment-->
<root>
    <Signature><![CDATA[FLV]]></Signature>
    <Version><![CDATA[1]]></Version>
    <Flag><![CDATA[data]]></Flag>
    <DataPos><![CDATA[9]]></DataPos>
    <Message time="0" type="data">
        <Method><![CDATA[onMetaData]]></Method>
        <Array>
            <Number><![CDATA[4904.826000]]></Number>
            <Number><![CDATA[0]]></Number>
            <Number><![CDATA[0]]></Number>
            <String><![CDATA[false]]></String>
            <String><![CDATA[AMS 5]]></String>
            <String><![CDATA[Wed Feb 17 10:04:30 2021]]></String>
        </Array>
    </Message>
    <Message time="0" type="data">
        <Method><![CDATA[playEvent]]></Method>
        <String><![CDATA[__start__]]></String>
    </Message>
    <Message time="0" type="data">
        <Method><![CDATA[playEvent]]></Method>
        <Object>
            <id><![CDATA[34]]></id>
            <name><![CDATA[playEvent]]></name>
            <time><![CDATA[48495]]></time>
        </Object>
        <String><![CDATA[setHistory6]]></String>
        <Array>
            <Object>
                <color><![CDATA[Black]]></color>
                <fromName><![CDATA[ ]]></fromName>
                <fromPID><![CDATA[133748]]></fromPID>
                <text><![CDATA[salm bale]]></text>
                <toName><![CDATA[]]></toName>
                <toPID><![CDATA[]]></toPID>
                <type><![CDATA[0]]></type>
                <when><![CDATA[1613543654699.000000]]></when>
            </Object>
            <Object>
                <color><![CDATA[Black]]></color>
                <fromName><![CDATA[   ]]></fromName>
                <fromPID><![CDATA[91844]]></fromPID>
                <text><![CDATA[+]]></text>
                <toName><![CDATA[]]></toName>
                <toPID><![CDATA[]]></toPID>
                <type><![CDATA[0]]></type>
                <when><![CDATA[1613543655399.000000]]></when>
            </Object>
            <Object>
                <color><![CDATA[Black]]></color>
                <fromName><![CDATA[  ]]></fromName>
                <fromPID><![CDATA[146452]]></fromPID>
                <text><![CDATA[+]]></text>
                <toName><![CDATA[]]></toName>
                <toPID><![CDATA[]]></toPID>
                <type><![CDATA[0]]></type>
                <when><![CDATA[1613543658169.000000]]></when>
            </Object>
            <Object>
                <color><![CDATA[Black]]></color>
                <fromName><![CDATA[ ]]></fromName>
                <fromPID><![CDATA[138016]]></fromPID>
                <text><![CDATA[slmbale]]></text>
                <toName><![CDATA[]]></toName>
                <toPID><![CDATA[]]></toPID>
                <type><![CDATA[0]]></type>
                <when><![CDATA[1613543658841.000000]]></when>
            </Object>
            <Object>
                <color><![CDATA[Black]]></color>
                <fromName><![CDATA[ ]]></fromName>
                <fromPID><![CDATA[138069]]></fromPID>
                <text><![CDATA[+]]></text>
                <toName><![CDATA[]]></toName>
                <toPID><![CDATA[]]></toPID>
                <type><![CDATA[0]]></type>
                <when><![CDATA[1613543659037.000000]]></when>
            </Object>
            <Object>
                <color><![CDATA[Black]]></color>
                <fromName><![CDATA[   ]]></fromName>
                <fromPID><![CDATA[91844]]></fromPID>
                <text><![CDATA[-]]></text>
                <toName><![CDATA[]]></toName>
                <toPID><![CDATA[]]></toPID>
                <type><![CDATA[0]]></type>
                <when><![CDATA[1613543659118.000000]]></when>
            </Object>
            <Object>
                <color><![CDATA[Black]]></color>
                <fromName><![CDATA[  ]]></fromName>
                <fromPID><![CDATA[147457]]></fromPID>
                <text><![CDATA[+]]></text>
                <toName><![CDATA[]]></toName>
                <toPID><![CDATA[]]></toPID>
                <type><![CDATA[0]]></type>
                <when><![CDATA[1613543660075.000000]]></when>
            </Object>
            <Object>
                <color><![CDATA[Black]]></color>
                <fromName><![CDATA[  ]]></fromName>
                <fromPID><![CDATA[234477]]></fromPID>
                <text><![CDATA[+]]></text>
                <toName><![CDATA[]]></toName>
                <toPID><![CDATA[]]></toPID>
                <type><![CDATA[0]]></type>
                <when><![CDATA[1613543660413.000000]]></when>
            </Object>
            <Object>
                <color><![CDATA[Black]]></color>
                <fromName><![CDATA[ ]]></fromName>
                <fromPID><![CDATA[133748]]></fromPID>
                <text><![CDATA[+]]></text>
                <toName><![CDATA[]]></toName>
                <toPID><![CDATA[]]></toPID>
                <type><![CDATA[0]]></type>
                <when><![CDATA[1613543660665.000000]]></when>
            </Object>
            <Object>
                <color><![CDATA[Black]]></color>
                <fromName><![CDATA[   ]]></fromName>
                <fromPID><![CDATA[506493]]></fromPID>
                <text><![CDATA[bale okeye]]></text>
                <toName><![CDATA[]]></toName>
                <toPID><![CDATA[]]></toPID>
                <type><![CDATA[0]]></type>
                <when><![CDATA[1613543661705.000000]]></when>
            </Object>
            <Object>
                <color><![CDATA[Black]]></color>
                <fromName><![CDATA[  ]]></fromName>
                <fromPID><![CDATA[154218]]></fromPID>
                <text><![CDATA[+]]></text>
                <toName><![CDATA[]]></toName>
                <toPID><![CDATA[]]></toPID>
                <type><![CDATA[0]]></type>
                <when><![CDATA[1613543662920.000000]]></when>
            </Object>
            <Object>
                <color><![CDATA[Black]]></color>
                <fromName><![CDATA[   ]]></fromName>
                <fromPID><![CDATA[145969]]></fromPID>
                <text><![CDATA[+]]></text>
                <toName><![CDATA[]]></toName>
                <toPID><![CDATA[]]></toPID>
                <type><![CDATA[0]]></type>
                <when><![CDATA[1613543663849.000000]]></when>
            </Object>
            <Object>
                <color><![CDATA[Black]]></color>
                <fromName><![CDATA[   ]]></fromName>
                <fromPID><![CDATA[506493]]></fromPID>
                <text><![CDATA[+]]></text>
                <toName><![CDATA[]]></toName>
                <toPID><![CDATA[]]></toPID>
                <type><![CDATA[0]]></type>
                <when><![CDATA[1613543664804.000000]]></when>
            </Object>
        </Array>
        <String><![CDATA[]]></String>
        <Number><![CDATA[12600000]]></Number>
        <String><![CDATA[]]></String>
    </Message>
    <Message time="0" type="data">
        <Method><![CDATA[playEvent]]></Method>
        <Object>
            <id><![CDATA[35]]></id>
            <name><![CDATA[playEvent]]></name>
            <time><![CDATA[48499]]></time>
        </Object>
        <String><![CDATA[__registerSo__]]></String>
        <Array>
            <Object>
                <soEventName><![CDATA[setTypingStatus]]></soEventName>
                <soName><![CDATA[public/all/2_typing]]></soName>
                <soPersist><![CDATA[false]]></soPersist>
            </Object>
        </Array>
    </Message>
    <Message time="0" type="data">
        <Method><![CDATA[playEvent]]></Method>
        <Object>
            <id><![CDATA[36]]></id>
            <name><![CDATA[playEvent]]></name>
            <time><![CDATA[48501]]></time>
        </Object>
        <String><![CDATA[setTypingStatus]]></String>
        <Array><![CDATA[]]></Array>
    </Message>
    <Message time="298778" type="data">
        <Method><![CDATA[playEvent]]></Method>
        <Object>
            <id><![CDATA[145]]></id>
            <name><![CDATA[playEvent]]></name>
            <time><![CDATA[347268]]></time>
        </Object>
        <String><![CDATA[setTypingStatus]]></String>
        <Array>
            <Object>
                <code><![CDATA[delete]]></code>
                <name><![CDATA[12]]></name>
                <newValue><![CDATA[]]></newValue>
                <oldValue><![CDATA[]]></oldValue>
            </Object>
        </Array>
    </Message>
    <Message time="307417" type="data">
        <Method><![CDATA[playEvent]]></Method>
        <Object>
            <id><![CDATA[150]]></id>
            <name><![CDATA[playEvent]]></name>
            <time><![CDATA[355907]]></time>
        </Object>
        <String><![CDATA[setTypingStatus]]></String>
        <Array>
            <Object>
                <code><![CDATA[delete]]></code>
                <name><![CDATA[16]]></name>
                <newValue><![CDATA[]]></newValue>
                <oldValue><![CDATA[]]></oldValue>
            </Object>
        </Array>
    </Message>
    <Message time="452918" type="data">
        <Method><![CDATA[playEvent]]></Method>
        <Object>
            <id><![CDATA[166]]></id>
            <name><![CDATA[playEvent]]></name>
            <time><![CDATA[501407]]></time>
        </Object>
        <String><![CDATA[setTypingStatus]]></String>
        <Array>
            <Object>
                <code><![CDATA[delete]]></code>
                <name><![CDATA[17]]></name>
                <newValue><![CDATA[]]></newValue>
                <oldValue><![CDATA[]]></oldValue>
            </Object>
        </Array>
    </Message>
    <Message time="493241" type="data">
        <Method><![CDATA[playEvent]]></Method>
        <Object>
            <id><![CDATA[177]]></id>
            <name><![CDATA[playEvent]]></name>
            <time><![CDATA[541730]]></time>
        </Object>
        <String><![CDATA[setTypingStatus]]></String>
        <Array>
            <Object>
                <code><![CDATA[delete]]></code>
                <name><![CDATA[13]]></name>
                <newValue><![CDATA[]]></newValue>
                <oldValue><![CDATA[]]></oldValue>
            </Object>
        </Array>
    </Message>
    <Message time="501911" type="data">
        <Method><![CDATA[playEvent]]></Method>
        <Object>
            <id><![CDATA[185]]></id>
            <name><![CDATA[playEvent]]></name>
            <time><![CDATA[550401]]></time>
        </Object>
        <String><![CDATA[setTypingStatus]]></String>
        <Array>
            <Object>
                <code><![CDATA[delete]]></code>
                <name><![CDATA[9]]></name>
                <newValue><![CDATA[]]></newValue>
                <oldValue><![CDATA[]]></oldValue>
            </Object>
        </Array>
    </Message>
    <Message time="597637" type="data">
        <Method><![CDATA[playEvent]]></Method>
        <Object>
            <id><![CDATA[283]]></id>
            <name><![CDATA[playEvent]]></name>
            <time><![CDATA[646126]]></time>
        </Object>
        <String><![CDATA[setTypingStatus]]></String>
        <Array>
            <Object>
                <code><![CDATA[delete]]></code>
                <name><![CDATA[8]]></name>
                <newValue><![CDATA[]]></newValue>
                <oldValue><![CDATA[]]></oldValue>
            </Object>
        </Array>
    </Message>
    <Message time="629287" type="data">
        <Method><![CDATA[playEvent]]></Method>
        <Object>
            <id><![CDATA[287]]></id>
            <name><![CDATA[playEvent]]></name>
            <time><![CDATA[677777]]></time>
        </Object>
        <String><![CDATA[setTypingStatus]]></String>
        <Array>
            <Object>
                <code><![CDATA[delete]]></code>
                <name><![CDATA[5]]></name>
                <newValue><![CDATA[]]></newValue>
                <oldValue><![CDATA[]]></oldValue>
            </Object>
        </Array>
    </Message>
    <Message time="673433" type="data">
        <Method><![CDATA[playEvent]]></Method>
        <Object>
            <id><![CDATA[294]]></id>
            <name><![CDATA[playEvent]]></name>
            <time><![CDATA[721922]]></time>
        </Object>
        <String><![CDATA[setTypingStatus]]></String>
        <Array>
            <Object>
                <code><![CDATA[delete]]></code>
                <name><![CDATA[20]]></name>
                <newValue><![CDATA[]]></newValue>
                <oldValue><![CDATA[]]></oldValue>
            </Object>
        </Array>
    </Message>
    <Message time="737047" type="data">
        <Method><![CDATA[playEvent]]></Method>
        <Object>
            <id><![CDATA[303]]></id>
            <name><![CDATA[playEvent]]></name>
            <time><![CDATA[785537]]></time>
        </Object>
        <String><![CDATA[setTypingStatus]]></String>
        <Array>
            <Object>
                <code><![CDATA[delete]]></code>
                <name><![CDATA[18]]></name>
                <newValue><![CDATA[]]></newValue>
                <oldValue><![CDATA[]]></oldValue>
            </Object>
        </Array>
    </Message>
    <Message time="758048" type="data">
        <Method><![CDATA[playEvent]]></Method>
        <Object>
            <id><![CDATA[309]]></id>
            <name><![CDATA[playEvent]]></name>
            <time><![CDATA[806538]]></time>
        </Object>
        <String><![CDATA[setTypingStatus]]></String>
        <Array>
            <Object>
                <code><![CDATA[delete]]></code>
                <name><![CDATA[19]]></name>
                <newValue><![CDATA[]]></newValue>
                <oldValue><![CDATA[]]></oldValue>
            </Object>
        </Array>
    </Message>
    <Message time="820950" type="data">
        <Method><![CDATA[playEvent]]></Method>
        <Object>
            <id><![CDATA[320]]></id>
            <name><![CDATA[playEvent]]></name>
            <time><![CDATA[869440]]></time>
        </Object>
        <String><![CDATA[setTypingStatus]]></String>
        <Array>
            <Object>
                <code><![CDATA[delete]]></code>
                <name><![CDATA[23]]></name>
                <newValue><![CDATA[]]></newValue>
                <oldValue><![CDATA[]]></oldValue>
            </Object>
        </Array>
    </Message>
    <Message time="1213565" type="data">
        <Method><![CDATA[playEvent]]></Method>
        <Object>
            <id><![CDATA[921]]></id>
            <name><![CDATA[playEvent]]></name>
            <time><![CDATA[1262054]]></time>
        </Object>
        <String><![CDATA[sendMessage6]]></String>
        <Object>
            <color><![CDATA[Black]]></color>
            <fromName><![CDATA[    2]]></fromName>
            <fromPID><![CDATA[145969]]></fromPID>
            <text><![CDATA[na]]></text>
            <toName><![CDATA[]]></toName>
            <toPID><![CDATA[]]></toPID>
            <type><![CDATA[0]]></type>
            <when><![CDATA[1613544884419.000000]]></when>
        </Object>
    </Message>
    <Message time="1324245" type="data">
        <Method><![CDATA[playEvent]]></Method>
        <Object>
            <id><![CDATA[929]]></id>
            <name><![CDATA[playEvent]]></name>
            <time><![CDATA[1372734]]></time>
        </Object>
        <String><![CDATA[setTypingStatus]]></String>
        <Array>
            <Object>
                <code><![CDATA[change]]></code>
                <name><![CDATA[11]]></name>
                <newValue><![CDATA[true]]></newValue>
                <oldValue><![CDATA[]]></oldValue>
            </Object>
        </Array>
    </Message>
    <Message time="1334533" type="data">
        <Method><![CDATA[playEvent]]></Method>
        <Object>
            <id><![CDATA[930]]></id>
            <name><![CDATA[playEvent]]></name>
            <time><![CDATA[1383022]]></time>
        </Object>
        <String><![CDATA[sendMessage6]]></String>
        <Object>
            <color><![CDATA[Black]]></color>
            <fromName><![CDATA[ ]]></fromName>
            <fromPID><![CDATA[186510]]></fromPID>
            <text><![CDATA[ostad sedaton ghato vasl mishe]]></text>
            <toName><![CDATA[]]></toName>
            <toPID><![CDATA[]]></toPID>
            <type><![CDATA[0]]></type>
            <when><![CDATA[1613545005387.000000]]></when>
        </Object>
    </Message>
    <Message time="1339010" type="data">
        <Method><![CDATA[playEvent]]></Method>
        <Object>
            <id><![CDATA[931]]></id>
            <name><![CDATA[playEvent]]></name>
            <time><![CDATA[1387500]]></time>
        </Object>
        <String><![CDATA[setTypingStatus]]></String>
        <Array>
            <Object>
                <code><![CDATA[change]]></code>
                <name><![CDATA[29]]></name>
                <newValue><![CDATA[true]]></newValue>
                <oldValue><![CDATA[]]></oldValue>
            </Object>
        </Array>
    </Message>
    <Message time="1342450" type="data">
        <Method><![CDATA[playEvent]]></Method>
        <Object>
            <id><![CDATA[932]]></id>
            <name><![CDATA[playEvent]]></name>
            <time><![CDATA[1390939]]></time>
        </Object>
        <String><![CDATA[sendMessage6]]></String>
        <Object>
            <color><![CDATA[Black]]></color>
            <fromName><![CDATA[  ]]></fromName>
            <fromPID><![CDATA[146452]]></fromPID>
            <text><![CDATA[    ]]></text>
            <toName><![CDATA[]]></toName>
            <toPID><![CDATA[]]></toPID>
            <type><![CDATA[0]]></type>
            <when><![CDATA[1613545013305.000000]]></when>
        </Object>
    </Message>
    <Message time="1342450" type="data">
        <Method><![CDATA[playEvent]]></Method>
        <Object>
            <id><![CDATA[933]]></id>
            <name><![CDATA[playEvent]]></name>
            <time><![CDATA[1390945]]></time>
        </Object>
        <String><![CDATA[setTypingStatus]]></String>
        <Array>
            <Object>
                <code><![CDATA[delete]]></code>
                <name><![CDATA[11]]></name>
                <newValue><![CDATA[]]></newValue>
                <oldValue><![CDATA[true]]></oldValue>
            </Object>
        </Array>
    </Message>
    <Message time="1349765" type="data">
        <Method><![CDATA[playEvent]]></Method>
        <Object>
            <id><![CDATA[935]]></id>
            <name><![CDATA[playEvent]]></name>
            <time><![CDATA[1398255]]></time>
        </Object>
        <String><![CDATA[setTypingStatus]]></String>
        <Array>
            <Object>
                <code><![CDATA[delete]]></code>
                <name><![CDATA[29]]></name>
                <newValue><![CDATA[]]></newValue>
                <oldValue><![CDATA[true]]></oldValue>
            </Object>
        </Array>
    </Message>
    <Message time="1371016" type="data">
        <Method><![CDATA[playEvent]]></Method>
        <Object>
            <id><![CDATA[937]]></id>
            <name><![CDATA[playEvent]]></name>
            <time><![CDATA[1419505]]></time>
        </Object>
        <String><![CDATA[setTypingStatus]]></String>
        <Array>
            <Object>
                <code><![CDATA[change]]></code>
                <name><![CDATA[2]]></name>
                <newValue><![CDATA[true]]></newValue>
                <oldValue><![CDATA[]]></oldValue>
            </Object>
        </Array>
    </Message>
    <Message time="1379771" type="data">
        <Method><![CDATA[playEvent]]></Method>
        <Object>
            <id><![CDATA[939]]></id>
            <name><![CDATA[playEvent]]></name>
            <time><![CDATA[1428261]]></time>
        </Object>
        <String><![CDATA[sendMessage6]]></String>
        <Object>
            <color><![CDATA[Black]]></color>
            <fromName><![CDATA[    2]]></fromName>
            <fromPID><![CDATA[145969]]></fromPID>
            <text><![CDATA[abzarhaii ke ba moha mikonim etalaat ro be eshterak bezarim]]></text>
            <toName><![CDATA[]]></toName>
            <toPID><![CDATA[]]></toPID>
            <type><![CDATA[0]]></type>
            <when><![CDATA[1613545050626.000000]]></when>
        </Object>
    </Message>
    <Message time="1384784" type="data">
        <Method><![CDATA[playEvent]]></Method>
        <Object>
            <id><![CDATA[940]]></id>
            <name><![CDATA[playEvent]]></name>
            <time><![CDATA[1433274]]></time>
        </Object>
        <String><![CDATA[setTypingStatus]]></String>
        <Array>
            <Object>
                <code><![CDATA[delete]]></code>
                <name><![CDATA[2]]></name>
                <newValue><![CDATA[]]></newValue>
                <oldValue><![CDATA[true]]></oldValue>
            </Object>
        </Array>
    </Message>
    <Message time="1389974" type="data">
        <Method><![CDATA[playEvent]]></Method>
        <Object>
            <id><![CDATA[941]]></id>
            <name><![CDATA[playEvent]]></name>
            <time><![CDATA[1438464]]></time>
        </Object>
        <String><![CDATA[setTypingStatus]]></String>
        <Array>
            <Object>
                <code><![CDATA[change]]></code>
                <name><![CDATA[2]]></name>
                <newValue><![CDATA[true]]></newValue>
                <oldValue><![CDATA[]]></oldValue>
            </Object>
        </Array>
    </Message>
    <Message time="1401994" type="data">
        <Method><![CDATA[playEvent]]></Method>
        <Object>
            <id><![CDATA[942]]></id>
            <name><![CDATA[playEvent]]></name>
            <time><![CDATA[1450484]]></time>
        </Object>
        <String><![CDATA[setTypingStatus]]></String>
        <Array>
            <Object>
                <code><![CDATA[delete]]></code>
                <name><![CDATA[2]]></name>
                <newValue><![CDATA[]]></newValue>
                <oldValue><![CDATA[true]]></oldValue>
            </Object>
        </Array>
    </Message>
    <Message time="1408464" type="data">
        <Method><![CDATA[playEvent]]></Method>
        <Object>
            <id><![CDATA[945]]></id>
            <name><![CDATA[playEvent]]></name>
            <time><![CDATA[1456954]]></time>
        </Object>
        <String><![CDATA[setTypingStatus]]></String>
        <Array>
            <Object>
                <code><![CDATA[change]]></code>
                <name><![CDATA[2]]></name>
                <newValue><![CDATA[true]]></newValue>
                <oldValue><![CDATA[]]></oldValue>
            </Object>
        </Array>
    </Message>
    <Message time="1411347" type="data">
        <Method><![CDATA[playEvent]]></Method>
        <Object>
            <id><![CDATA[946]]></id>
            <name><![CDATA[playEvent]]></name>
            <time><![CDATA[1459837]]></time>
        </Object>
        <String><![CDATA[sendMessage6]]></String>
        <Object>
            <color><![CDATA[Black]]></color>
            <fromName><![CDATA[ ]]></fromName>
            <fromPID><![CDATA[133748]]></fromPID>
            <text><![CDATA[be eskterak gozashtan data dar device mokhtalef]]></text>
            <toName><![CDATA[]]></toName>
            <toPID><![CDATA[]]></toPID>
            <type><![CDATA[0]]></type>
            <when><![CDATA[1613545082202.000000]]></when>
        </Object>
    </Message>
    <Message time="1411347" type="data">
        <Method><![CDATA[playEvent]]></Method>
        <Object>
            <id><![CDATA[947]]></id>
            <name><![CDATA[playEvent]]></name>
            <time><![CDATA[1459844]]></time>
        </Object>
        <String><![CDATA[setTypingStatus]]></String>
        <Array>
            <Object>
                <code><![CDATA[delete]]></code>
                <name><![CDATA[2]]></name>
                <newValue><![CDATA[]]></newValue>
                <oldValue><![CDATA[true]]></oldValue>
            </Object>
        </Array>
    </Message>
    <Message time="1517689" type="data">
        <Method><![CDATA[playEvent]]></Method>
        <Object>
            <id><![CDATA[957]]></id>
            <name><![CDATA[playEvent]]></name>
            <time><![CDATA[1566179]]></time>
        </Object>
        <String><![CDATA[setTypingStatus]]></String>
        <Array>
            <Object>
                <code><![CDATA[change]]></code>
                <name><![CDATA[29]]></name>
                <newValue><![CDATA[true]]></newValue>
                <oldValue><![CDATA[]]></oldValue>
            </Object>
        </Array>
    </Message>
    <Message time="1526466" type="data">
        <Method><![CDATA[playEvent]]></Method>
        <Object>
            <id><![CDATA[958]]></id>
            <name><![CDATA[playEvent]]></name>
            <time><![CDATA[1574956]]></time>
        </Object>
        <String><![CDATA[setTypingStatus]]></String>
        <Array>
            <Object>
                <code><![CDATA[delete]]></code>
                <name><![CDATA[29]]></name>
                <newValue><![CDATA[]]></newValue>
                <oldValue><![CDATA[true]]></oldValue>
            </Object>
        </Array>
    </Message>
    <Message time="1555191" type="data">
        <Method><![CDATA[playEvent]]></Method>
        <Object>
            <id><![CDATA[962]]></id>
            <name><![CDATA[playEvent]]></name>
            <time><![CDATA[1603680]]></time>
        </Object>
        <String><![CDATA[setTypingStatus]]></String>
        <Array>
            <Object>
                <code><![CDATA[change]]></code>
                <name><![CDATA[27]]></name>
                <newValue><![CDATA[true]]></newValue>
                <oldValue><![CDATA[]]></oldValue>
            </Object>
        </Array>
    </Message>
    <Message time="1559227" type="data">
        <Method><![CDATA[playEvent]]></Method>
        <Object>
            <id><![CDATA[964]]></id>
            <name><![CDATA[playEvent]]></name>
            <time><![CDATA[1607716]]></time>
        </Object>
        <String><![CDATA[setTypingStatus]]></String>
        <Array>
            <Object>
                <code><![CDATA[delete]]></code>
                <name><![CDATA[27]]></name>
                <newValue><![CDATA[]]></newValue>
                <oldValue><![CDATA[true]]></oldValue>
            </Object>
        </Array>
    </Message>
    <Message time="1685406" type="data">
        <Method><![CDATA[playEvent]]></Method>
        <Object>
            <id><![CDATA[975]]></id>
            <name><![CDATA[playEvent]]></name>
            <time><![CDATA[1733896]]></time>
        </Object>
        <String><![CDATA[setTypingStatus]]></String>
        <Array>
            <Object>
                <code><![CDATA[delete]]></code>
                <name><![CDATA[31]]></name>
                <newValue><![CDATA[]]></newValue>
                <oldValue><![CDATA[]]></oldValue>
            </Object>
        </Array>
    </Message>
    <Message time="1735267" type="data">
        <Method><![CDATA[playEvent]]></Method>
        <Object>
            <id><![CDATA[981]]></id>
            <name><![CDATA[playEvent]]></name>
            <time><![CDATA[1783757]]></time>
        </Object>
        <String><![CDATA[setTypingStatus]]></String>
        <Array>
            <Object>
                <code><![CDATA[delete]]></code>
                <name><![CDATA[30]]></name>
                <newValue><![CDATA[]]></newValue>
                <oldValue><![CDATA[]]></oldValue>
            </Object>
        </Array>
    </Message>
    <Message time="1738384" type="data">
        <Method><![CDATA[playEvent]]></Method>
        <Object>
            <id><![CDATA[983]]></id>
            <name><![CDATA[playEvent]]></name>
            <time><![CDATA[1786873]]></time>
        </Object>
        <String><![CDATA[setTypingStatus]]></String>
        <Array>
            <Object>
                <code><![CDATA[delete]]></code>
                <name><![CDATA[21]]></name>
                <newValue><![CDATA[]]></newValue>
                <oldValue><![CDATA[]]></oldValue>
            </Object>
        </Array>
    </Message>
    <Message time="2398151" type="data">
        <Method><![CDATA[playEvent]]></Method>
        <Object>
            <id><![CDATA[1228]]></id>
            <name><![CDATA[playEvent]]></name>
            <time><![CDATA[2446640]]></time>
        </Object>
        <String><![CDATA[setTypingStatus]]></String>
        <Array>
            <Object>
                <code><![CDATA[delete]]></code>
                <name><![CDATA[32]]></name>
                <newValue><![CDATA[]]></newValue>
                <oldValue><![CDATA[]]></oldValue>
            </Object>
        </Array>
    </Message>
    <Message time="2584067" type="data">
        <Method><![CDATA[playEvent]]></Method>
        <Object>
            <id><![CDATA[1281]]></id>
            <name><![CDATA[playEvent]]></name>
            <time><![CDATA[2632557]]></time>
        </Object>
        <String><![CDATA[setTypingStatus]]></String>
        <Array>
            <Object>
                <code><![CDATA[delete]]></code>
                <name><![CDATA[26]]></name>
                <newValue><![CDATA[]]></newValue>
                <oldValue><![CDATA[]]></oldValue>
            </Object>
        </Array>
    </Message>
    <Message time="2993921" type="data">
        <Method><![CDATA[playEvent]]></Method>
        <Object>
            <id><![CDATA[1489]]></id>
            <name><![CDATA[playEvent]]></name>
            <time><![CDATA[3042411]]></time>
        </Object>
        <String><![CDATA[setTypingStatus]]></String>
        <Array>
            <Object>
                <code><![CDATA[delete]]></code>
                <name><![CDATA[25]]></name>
                <newValue><![CDATA[]]></newValue>
                <oldValue><![CDATA[]]></oldValue>
            </Object>
        </Array>
    </Message>
    <Message time="3022027" type="data">
        <Method><![CDATA[playEvent]]></Method>
        <Object>
            <id><![CDATA[1525]]></id>
            <name><![CDATA[playEvent]]></name>
            <time><![CDATA[3070516]]></time>
        </Object>
        <String><![CDATA[setTypingStatus]]></String>
        <Array>
            <Object>
                <code><![CDATA[change]]></code>
                <name><![CDATA[11]]></name>
                <newValue><![CDATA[true]]></newValue>
                <oldValue><![CDATA[]]></oldValue>
            </Object>
        </Array>
    </Message>
    <Message time="3024111" type="data">
        <Method><![CDATA[playEvent]]></Method>
        <Object>
            <id><![CDATA[1526]]></id>
            <name><![CDATA[playEvent]]></name>
            <time><![CDATA[3072601]]></time>
        </Object>
        <String><![CDATA[sendMessage6]]></String>
        <Object>
            <color><![CDATA[Black]]></color>
            <fromName><![CDATA[  ]]></fromName>
            <fromPID><![CDATA[146452]]></fromPID>
            <text><![CDATA[]]></text>
            <toName><![CDATA[]]></toName>
            <toPID><![CDATA[]]></toPID>
            <type><![CDATA[0]]></type>
            <when><![CDATA[1613546694966.000000]]></when>
        </Object>
    </Message>
    <Message time="3024111" type="data">
        <Method><![CDATA[playEvent]]></Method>
        <Object>
            <id><![CDATA[1527]]></id>
            <name><![CDATA[playEvent]]></name>
            <time><![CDATA[3072608]]></time>
        </Object>
        <String><![CDATA[setTypingStatus]]></String>
        <Array>
            <Object>
                <code><![CDATA[delete]]></code>
                <name><![CDATA[11]]></name>
                <newValue><![CDATA[]]></newValue>
                <oldValue><![CDATA[true]]></oldValue>
            </Object>
        </Array>
    </Message>
    <Message time="3026385" type="data">
        <Method><![CDATA[playEvent]]></Method>
        <Object>
            <id><![CDATA[1529]]></id>
            <name><![CDATA[playEvent]]></name>
            <time><![CDATA[3074873]]></time>
        </Object>
        <String><![CDATA[setTypingStatus]]></String>
        <Array>
            <Object>
                <code><![CDATA[change]]></code>
                <name><![CDATA[2]]></name>
                <newValue><![CDATA[true]]></newValue>
                <oldValue><![CDATA[]]></oldValue>
            </Object>
        </Array>
    </Message>
    <Message time="3028112" type="data">
        <Method><![CDATA[playEvent]]></Method>
        <Object>
            <id><![CDATA[1530]]></id>
            <name><![CDATA[playEvent]]></name>
            <time><![CDATA[3076601]]></time>
        </Object>
        <String><![CDATA[sendMessage6]]></String>
        <Object>
            <color><![CDATA[Black]]></color>
            <fromName><![CDATA[ ]]></fromName>
            <fromPID><![CDATA[133748]]></fromPID>
            <text><![CDATA[kheir]]></text>
            <toName><![CDATA[]]></toName>
            <toPID><![CDATA[]]></toPID>
            <type><![CDATA[0]]></type>
            <when><![CDATA[1613546698966.000000]]></when>
        </Object>
    </Message>
    <Message time="3028112" type="data">
        <Method><![CDATA[playEvent]]></Method>
        <Object>
            <id><![CDATA[1531]]></id>
            <name><![CDATA[playEvent]]></name>
            <time><![CDATA[3076608]]></time>
        </Object>
        <String><![CDATA[setTypingStatus]]></String>
        <Array>
            <Object>
                <code><![CDATA[delete]]></code>
                <name><![CDATA[2]]></name>
                <newValue><![CDATA[]]></newValue>
                <oldValue><![CDATA[true]]></oldValue>
            </Object>
        </Array>
    </Message>
    <Message time="3089523" type="data">
        <Method><![CDATA[playEvent]]></Method>
        <Object>
            <id><![CDATA[1538]]></id>
            <name><![CDATA[playEvent]]></name>
            <time><![CDATA[3138012]]></time>
        </Object>
        <String><![CDATA[setTypingStatus]]></String>
        <Array>
            <Object>
                <code><![CDATA[delete]]></code>
                <name><![CDATA[10]]></name>
                <newValue><![CDATA[]]></newValue>
                <oldValue><![CDATA[]]></oldValue>
            </Object>
        </Array>
    </Message>
    <Message time="3550392" type="data">
        <Method><![CDATA[playEvent]]></Method>
        <Object>
            <id><![CDATA[1603]]></id>
            <name><![CDATA[playEvent]]></name>
            <time><![CDATA[3598882]]></time>
        </Object>
        <String><![CDATA[setTypingStatus]]></String>
        <Array>
            <Object>
                <code><![CDATA[delete]]></code>
                <name><![CDATA[24]]></name>
                <newValue><![CDATA[]]></newValue>
                <oldValue><![CDATA[]]></oldValue>
            </Object>
        </Array>
    </Message>
    <Message time="3583671" type="data">
        <Method><![CDATA[playEvent]]></Method>
        <Object>
            <id><![CDATA[1608]]></id>
            <name><![CDATA[playEvent]]></name>
            <time><![CDATA[3632160]]></time>
        </Object>
        <String><![CDATA[setTypingStatus]]></String>
        <Array>
            <Object>
                <code><![CDATA[delete]]></code>
                <name><![CDATA[37]]></name>
                <newValue><![CDATA[]]></newValue>
                <oldValue><![CDATA[]]></oldValue>
            </Object>
        </Array>
    </Message>
    <Message time="3839982" type="data">
        <Method><![CDATA[playEvent]]></Method>
        <Object>
            <id><![CDATA[1660]]></id>
            <name><![CDATA[playEvent]]></name>
            <time><![CDATA[3888472]]></time>
        </Object>
        <String><![CDATA[sendMessage6]]></String>
        <Object>
            <color><![CDATA[Black]]></color>
            <fromName><![CDATA[ ]]></fromName>
            <fromPID><![CDATA[186510]]></fromPID>
            <text><![CDATA[che tafavoti daran ina ostad?]]></text>
            <toName><![CDATA[]]></toName>
            <toPID><![CDATA[]]></toPID>
            <type><![CDATA[0]]></type>
            <when><![CDATA[1613547510837.000000]]></when>
        </Object>
    </Message>
    <Message time="3991687" type="data">
        <Method><![CDATA[playEvent]]></Method>
        <Object>
            <id><![CDATA[1679]]></id>
            <name><![CDATA[playEvent]]></name>
            <time><![CDATA[4040177]]></time>
        </Object>
        <String><![CDATA[setTypingStatus]]></String>
        <Array>
            <Object>
                <code><![CDATA[delete]]></code>
                <name><![CDATA[33]]></name>
                <newValue><![CDATA[]]></newValue>
                <oldValue><![CDATA[]]></oldValue>
            </Object>
        </Array>
    </Message>
    <Message time="4093111" type="data">
        <Method><![CDATA[playEvent]]></Method>
        <Object>
            <id><![CDATA[1696]]></id>
            <name><![CDATA[playEvent]]></name>
            <time><![CDATA[4141601]]></time>
        </Object>
        <String><![CDATA[setTypingStatus]]></String>
        <Array>
            <Object>
                <code><![CDATA[delete]]></code>
                <name><![CDATA[39]]></name>
                <newValue><![CDATA[]]></newValue>
                <oldValue><![CDATA[]]></oldValue>
            </Object>
        </Array>
    </Message>
    <Message time="4257512" type="data">
        <Method><![CDATA[playEvent]]></Method>
        <Object>
            <id><![CDATA[1947]]></id>
            <name><![CDATA[playEvent]]></name>
            <time><![CDATA[4306002]]></time>
        </Object>
        <String><![CDATA[setTypingStatus]]></String>
        <Array>
            <Object>
                <code><![CDATA[delete]]></code>
                <name><![CDATA[11]]></name>
                <newValue><![CDATA[]]></newValue>
                <oldValue><![CDATA[]]></oldValue>
            </Object>
        </Array>
    </Message>
    <Message time="4861762" type="data">
        <Method><![CDATA[playEvent]]></Method>
        <Object>
            <id><![CDATA[2654]]></id>
            <name><![CDATA[playEvent]]></name>
            <time><![CDATA[4910252]]></time>
        </Object>
        <String><![CDATA[setTypingStatus]]></String>
        <Array>
            <Object>
                <code><![CDATA[change]]></code>
                <name><![CDATA[40]]></name>
                <newValue><![CDATA[true]]></newValue>
                <oldValue><![CDATA[]]></oldValue>
            </Object>
        </Array>
    </Message>
    <Message time="4861762" type="data">
        <Method><![CDATA[playEvent]]></Method>
        <Object>
            <id><![CDATA[2655]]></id>
            <name><![CDATA[playEvent]]></name>
            <time><![CDATA[4910407]]></time>
        </Object>
        <String><![CDATA[sendMessage6]]></String>
        <Object>
            <color><![CDATA[Black]]></color>
            <fromName><![CDATA[   ]]></fromName>
            <fromPID><![CDATA[145969]]></fromPID>
            <text><![CDATA[na ostad]]></text>
            <toName><![CDATA[]]></toName>
            <toPID><![CDATA[]]></toPID>
            <type><![CDATA[0]]></type>
            <when><![CDATA[1613548532773.000000]]></when>
        </Object>
    </Message>
    <Message time="4866969" type="data">
        <Method><![CDATA[playEvent]]></Method>
        <Object>
            <id><![CDATA[2656]]></id>
            <name><![CDATA[playEvent]]></name>
            <time><![CDATA[4915459]]></time>
        </Object>
        <String><![CDATA[setTypingStatus]]></String>
        <Array>
            <Object>
                <code><![CDATA[change]]></code>
                <name><![CDATA[7]]></name>
                <newValue><![CDATA[true]]></newValue>
                <oldValue><![CDATA[]]></oldValue>
            </Object>
        </Array>
    </Message>
    <Message time="4867888" type="data">
        <Method><![CDATA[playEvent]]></Method>
        <Object>
            <id><![CDATA[2658]]></id>
            <name><![CDATA[playEvent]]></name>
            <time><![CDATA[4916378]]></time>
        </Object>
        <String><![CDATA[setTypingStatus]]></String>
        <Array>
            <Object>
                <code><![CDATA[change]]></code>
                <name><![CDATA[29]]></name>
                <newValue><![CDATA[true]]></newValue>
                <oldValue><![CDATA[]]></oldValue>
            </Object>
        </Array>
    </Message>
    <Message time="4867888" type="data">
        <Method><![CDATA[playEvent]]></Method>
        <Object>
            <id><![CDATA[2659]]></id>
            <name><![CDATA[playEvent]]></name>
            <time><![CDATA[4916432]]></time>
        </Object>
        <String><![CDATA[sendMessage6]]></String>
        <Object>
            <color><![CDATA[Black]]></color>
            <fromName><![CDATA[ ]]></fromName>
            <fromPID><![CDATA[138016]]></fromPID>
            <text><![CDATA[na ostad mamnun]]></text>
            <toName><![CDATA[]]></toName>
            <toPID><![CDATA[]]></toPID>
            <type><![CDATA[0]]></type>
            <when><![CDATA[1613548538798.000000]]></when>
        </Object>
    </Message>
    <Message time="4867888" type="data">
        <Method><![CDATA[playEvent]]></Method>
        <Object>
            <id><![CDATA[2660]]></id>
            <name><![CDATA[playEvent]]></name>
            <time><![CDATA[4916440]]></time>
        </Object>
        <String><![CDATA[setTypingStatus]]></String>
        <Array>
            <Object>
                <code><![CDATA[delete]]></code>
                <name><![CDATA[40]]></name>
                <newValue><![CDATA[]]></newValue>
                <oldValue><![CDATA[true]]></oldValue>
            </Object>
        </Array>
    </Message>
    <Message time="4867888" type="data">
        <Method><![CDATA[playEvent]]></Method>
        <Object>
            <id><![CDATA[2661]]></id>
            <name><![CDATA[playEvent]]></name>
            <time><![CDATA[4916592]]></time>
        </Object>
        <String><![CDATA[sendMessage6]]></String>
        <Object>
            <color><![CDATA[Black]]></color>
            <fromName><![CDATA[  ]]></fromName>
            <fromPID><![CDATA[154218]]></fromPID>
            <text><![CDATA[mamnoun ostad khaste nabashid]]></text>
            <toName><![CDATA[]]></toName>
            <toPID><![CDATA[]]></toPID>
            <type><![CDATA[0]]></type>
            <when><![CDATA[1613548538957.000000]]></when>
        </Object>
    </Message>
    <Message time="4869476" type="data">
        <Method><![CDATA[playEvent]]></Method>
        <Object>
            <id><![CDATA[2662]]></id>
            <name><![CDATA[playEvent]]></name>
            <time><![CDATA[4917965]]></time>
        </Object>
        <String><![CDATA[sendMessage6]]></String>
        <Object>
            <color><![CDATA[Black]]></color>
            <fromName><![CDATA[ ]]></fromName>
            <fromPID><![CDATA[138069]]></fromPID>
            <text><![CDATA[na mamnoon]]></text>
            <toName><![CDATA[]]></toName>
            <toPID><![CDATA[]]></toPID>
            <type><![CDATA[0]]></type>
            <when><![CDATA[1613548540331.000000]]></when>
        </Object>
    </Message>
    <Message time="4869476" type="data">
        <Method><![CDATA[playEvent]]></Method>
        <Object>
            <id><![CDATA[2663]]></id>
            <name><![CDATA[playEvent]]></name>
            <time><![CDATA[4917973]]></time>
        </Object>
        <String><![CDATA[setTypingStatus]]></String>
        <Array>
            <Object>
                <code><![CDATA[delete]]></code>
                <name><![CDATA[7]]></name>
                <newValue><![CDATA[]]></newValue>
                <oldValue><![CDATA[true]]></oldValue>
            </Object>
        </Array>
    </Message>
    <Message time="4873170" type="data">
        <Method><![CDATA[playEvent]]></Method>
        <Object>
            <id><![CDATA[2664]]></id>
            <name><![CDATA[playEvent]]></name>
            <time><![CDATA[4921660]]></time>
        </Object>
        <String><![CDATA[setTypingStatus]]></String>
        <Array>
            <Object>
                <code><![CDATA[change]]></code>
                <name><![CDATA[38]]></name>
                <newValue><![CDATA[true]]></newValue>
                <oldValue><![CDATA[]]></oldValue>
            </Object>
        </Array>
    </Message>
    <Message time="4874532" type="data">
        <Method><![CDATA[playEvent]]></Method>
        <Object>
            <id><![CDATA[2665]]></id>
            <name><![CDATA[playEvent]]></name>
            <time><![CDATA[4923021]]></time>
        </Object>
        <String><![CDATA[setTypingStatus]]></String>
        <Array>
            <Object>
                <code><![CDATA[change]]></code>
                <name><![CDATA[2]]></name>
                <newValue><![CDATA[true]]></newValue>
                <oldValue><![CDATA[]]></oldValue>
            </Object>
        </Array>
    </Message>
    <Message time="4876613" type="data">
        <Method><![CDATA[playEvent]]></Method>
        <Object>
            <id><![CDATA[2667]]></id>
            <name><![CDATA[playEvent]]></name>
            <time><![CDATA[4925102]]></time>
        </Object>
        <String><![CDATA[setTypingStatus]]></String>
        <Array>
            <Object>
                <code><![CDATA[change]]></code>
                <name><![CDATA[40]]></name>
                <newValue><![CDATA[true]]></newValue>
                <oldValue><![CDATA[]]></oldValue>
            </Object>
        </Array>
    </Message>
    <Message time="4876613" type="data">
        <Method><![CDATA[playEvent]]></Method>
        <Object>
            <id><![CDATA[2668]]></id>
            <name><![CDATA[playEvent]]></name>
            <time><![CDATA[4925147]]></time>
        </Object>
        <String><![CDATA[sendMessage6]]></String>
        <Object>
            <color><![CDATA[Black]]></color>
            <fromName><![CDATA[  ]]></fromName>
            <fromPID><![CDATA[188802]]></fromPID>
            <text><![CDATA[  ]]></text>
            <toName><![CDATA[]]></toName>
            <toPID><![CDATA[]]></toPID>
            <type><![CDATA[0]]></type>
            <when><![CDATA[1613548547513.000000]]></when>
        </Object>
    </Message>
    <Message time="4876613" type="data">
        <Method><![CDATA[playEvent]]></Method>
        <Object>
            <id><![CDATA[2669]]></id>
            <name><![CDATA[playEvent]]></name>
            <time><![CDATA[4925154]]></time>
        </Object>
        <String><![CDATA[setTypingStatus]]></String>
        <Array>
            <Object>
                <code><![CDATA[delete]]></code>
                <name><![CDATA[29]]></name>
                <newValue><![CDATA[]]></newValue>
                <oldValue><![CDATA[true]]></oldValue>
            </Object>
        </Array>
    </Message>
    <Message time="4878838" type="data">
        <Method><![CDATA[playEvent]]></Method>
        <Object>
            <id><![CDATA[2670]]></id>
            <name><![CDATA[playEvent]]></name>
            <time><![CDATA[4927327]]></time>
        </Object>
        <String><![CDATA[sendMessage6]]></String>
        <Object>
            <color><![CDATA[Black]]></color>
            <fromName><![CDATA[ ]]></fromName>
            <fromPID><![CDATA[234173]]></fromPID>
            <text><![CDATA[khaste nabashid]]></text>
            <toName><![CDATA[]]></toName>
            <toPID><![CDATA[]]></toPID>
            <type><![CDATA[0]]></type>
            <when><![CDATA[1613548549693.000000]]></when>
        </Object>
    </Message>
    <Message time="4878838" type="data">
        <Method><![CDATA[playEvent]]></Method>
        <Object>
            <id><![CDATA[2671]]></id>
            <name><![CDATA[playEvent]]></name>
            <time><![CDATA[4927334]]></time>
        </Object>
        <String><![CDATA[setTypingStatus]]></String>
        <Array>
            <Object>
                <code><![CDATA[delete]]></code>
                <name><![CDATA[38]]></name>
                <newValue><![CDATA[]]></newValue>
                <oldValue><![CDATA[true]]></oldValue>
            </Object>
        </Array>
    </Message>
    <Message time="4878838" type="data">
        <Method><![CDATA[playEvent]]></Method>
        <Object>
            <id><![CDATA[2672]]></id>
            <name><![CDATA[playEvent]]></name>
            <time><![CDATA[4927790]]></time>
        </Object>
        <String><![CDATA[setTypingStatus]]></String>
        <Array>
            <Object>
                <code><![CDATA[change]]></code>
                <name><![CDATA[41]]></name>
                <newValue><![CDATA[true]]></newValue>
                <oldValue><![CDATA[]]></oldValue>
            </Object>
        </Array>
    </Message>
    <Message time="4882642" type="data">
        <Method><![CDATA[playEvent]]></Method>
        <Object>
            <id><![CDATA[2674]]></id>
            <name><![CDATA[playEvent]]></name>
            <time><![CDATA[4931132]]></time>
        </Object>
        <String><![CDATA[sendMessage6]]></String>
        <Object>
            <color><![CDATA[Black]]></color>
            <fromName><![CDATA[ ]]></fromName>
            <fromPID><![CDATA[138016]]></fromPID>
            <text><![CDATA[khaste nabashid]]></text>
            <toName><![CDATA[]]></toName>
            <toPID><![CDATA[]]></toPID>
            <type><![CDATA[0]]></type>
            <when><![CDATA[1613548553497.000000]]></when>
        </Object>
    </Message>
    <Message time="4882642" type="data">
        <Method><![CDATA[playEvent]]></Method>
        <Object>
            <id><![CDATA[2675]]></id>
            <name><![CDATA[playEvent]]></name>
            <time><![CDATA[4931140]]></time>
        </Object>
        <String><![CDATA[setTypingStatus]]></String>
        <Array>
            <Object>
                <code><![CDATA[delete]]></code>
                <name><![CDATA[40]]></name>
                <newValue><![CDATA[]]></newValue>
                <oldValue><![CDATA[true]]></oldValue>
            </Object>
        </Array>
    </Message>
    <Message time="4886363" type="data">
        <Method><![CDATA[playEvent]]></Method>
        <Object>
            <id><![CDATA[2677]]></id>
            <name><![CDATA[playEvent]]></name>
            <time><![CDATA[4934853]]></time>
        </Object>
        <String><![CDATA[setTypingStatus]]></String>
        <Array>
            <Object>
                <code><![CDATA[change]]></code>
                <name><![CDATA[27]]></name>
                <newValue><![CDATA[true]]></newValue>
                <oldValue><![CDATA[]]></oldValue>
            </Object>
        </Array>
    </Message>
    <Message time="4886922" type="data">
        <Method><![CDATA[playEvent]]></Method>
        <Object>
            <id><![CDATA[2678]]></id>
            <name><![CDATA[playEvent]]></name>
            <time><![CDATA[4935412]]></time>
        </Object>
        <String><![CDATA[sendMessage6]]></String>
        <Object>
            <color><![CDATA[Black]]></color>
            <fromName><![CDATA[ ]]></fromName>
            <fromPID><![CDATA[186510]]></fromPID>
            <text><![CDATA[ostad in narmafzar bara linuxam hast ?]]></text>
            <toName><![CDATA[]]></toName>
            <toPID><![CDATA[]]></toPID>
            <type><![CDATA[0]]></type>
            <when><![CDATA[1613548557777.000000]]></when>
        </Object>
    </Message>
    <Message time="4886922" type="data">
        <Method><![CDATA[playEvent]]></Method>
        <Object>
            <id><![CDATA[2679]]></id>
            <name><![CDATA[playEvent]]></name>
            <time><![CDATA[4935466]]></time>
        </Object>
        <String><![CDATA[setTypingStatus]]></String>
        <Array>
            <Object>
                <code><![CDATA[change]]></code>
                <name><![CDATA[15]]></name>
                <newValue><![CDATA[true]]></newValue>
                <oldValue><![CDATA[]]></oldValue>
            </Object>
        </Array>
    </Message>
    <Message time="4886922" type="data">
        <Method><![CDATA[playEvent]]></Method>
        <Object>
            <id><![CDATA[2680]]></id>
            <name><![CDATA[playEvent]]></name>
            <time><![CDATA[4935773]]></time>
        </Object>
        <String><![CDATA[sendMessage6]]></String>
        <Object>
            <color><![CDATA[Black]]></color>
            <fromName><![CDATA[  ]]></fromName>
            <fromPID><![CDATA[146452]]></fromPID>
            <text><![CDATA[ ]]></text>
            <toName><![CDATA[]]></toName>
            <toPID><![CDATA[]]></toPID>
            <type><![CDATA[0]]></type>
            <when><![CDATA[1613548558138.000000]]></when>
        </Object>
    </Message>
    <Message time="4886922" type="data">
        <Method><![CDATA[playEvent]]></Method>
        <Object>
            <id><![CDATA[2681]]></id>
            <name><![CDATA[playEvent]]></name>
            <time><![CDATA[4935780]]></time>
        </Object>
        <String><![CDATA[setTypingStatus]]></String>
        <Array>
            <Object>
                <code><![CDATA[delete]]></code>
                <name><![CDATA[41]]></name>
                <newValue><![CDATA[]]></newValue>
                <oldValue><![CDATA[true]]></oldValue>
            </Object>
        </Array>
    </Message>
    <Message time="4886922" type="data">
        <Method><![CDATA[playEvent]]></Method>
        <Object>
            <id><![CDATA[2682]]></id>
            <name><![CDATA[playEvent]]></name>
            <time><![CDATA[4935884]]></time>
        </Object>
        <String><![CDATA[sendMessage6]]></String>
        <Object>
            <color><![CDATA[Black]]></color>
            <fromName><![CDATA[ ]]></fromName>
            <fromPID><![CDATA[133748]]></fromPID>
            <text><![CDATA[khaste nabashid ostad kamel va mofid bod]]></text>
            <toName><![CDATA[]]></toName>
            <toPID><![CDATA[]]></toPID>
            <type><![CDATA[0]]></type>
            <when><![CDATA[1613548558249.000000]]></when>
        </Object>
    </Message>
    <Message time="4886922" type="data">
        <Method><![CDATA[playEvent]]></Method>
        <Object>
            <id><![CDATA[2683]]></id>
            <name><![CDATA[playEvent]]></name>
            <time><![CDATA[4935891]]></time>
        </Object>
        <String><![CDATA[setTypingStatus]]></String>
        <Array>
            <Object>
                <code><![CDATA[delete]]></code>
                <name><![CDATA[2]]></name>
                <newValue><![CDATA[]]></newValue>
                <oldValue><![CDATA[true]]></oldValue>
            </Object>
        </Array>
    </Message>
    <Message time="4889507" type="data">
        <Method><![CDATA[playEvent]]></Method>
        <Object>
            <id><![CDATA[2685]]></id>
            <name><![CDATA[playEvent]]></name>
            <time><![CDATA[4937997]]></time>
        </Object>
        <String><![CDATA[sendMessage6]]></String>
        <Object>
            <color><![CDATA[Black]]></color>
            <fromName><![CDATA[  ]]></fromName>
            <fromPID><![CDATA[142681]]></fromPID>
            <text><![CDATA[khaste nabashid]]></text>
            <toName><![CDATA[]]></toName>
            <toPID><![CDATA[]]></toPID>
            <type><![CDATA[0]]></type>
            <when><![CDATA[1613548560362.000000]]></when>
        </Object>
    </Message>
    <Message time="4889507" type="data">
        <Method><![CDATA[playEvent]]></Method>
        <Object>
            <id><![CDATA[2686]]></id>
            <name><![CDATA[playEvent]]></name>
            <time><![CDATA[4938003]]></time>
        </Object>
        <String><![CDATA[setTypingStatus]]></String>
        <Array>
            <Object>
                <code><![CDATA[delete]]></code>
                <name><![CDATA[27]]></name>
                <newValue><![CDATA[]]></newValue>
                <oldValue><![CDATA[true]]></oldValue>
            </Object>
        </Array>
    </Message>
    <Message time="4889507" type="data">
        <Method><![CDATA[playEvent]]></Method>
        <Object>
            <id><![CDATA[2687]]></id>
            <name><![CDATA[playEvent]]></name>
            <time><![CDATA[4938161]]></time>
        </Object>
        <String><![CDATA[setTypingStatus]]></String>
        <Array>
            <Object>
                <code><![CDATA[delete]]></code>
                <name><![CDATA[28]]></name>
                <newValue><![CDATA[]]></newValue>
                <oldValue><![CDATA[]]></oldValue>
            </Object>
        </Array>
    </Message>
    <Message time="4890382" type="data">
        <Method><![CDATA[playEvent]]></Method>
        <Object>
            <id><![CDATA[2689]]></id>
            <name><![CDATA[playEvent]]></name>
            <time><![CDATA[4938872]]></time>
        </Object>
        <String><![CDATA[setTypingStatus]]></String>
        <Array>
            <Object>
                <code><![CDATA[delete]]></code>
                <name><![CDATA[34]]></name>
                <newValue><![CDATA[]]></newValue>
                <oldValue><![CDATA[]]></oldValue>
            </Object>
        </Array>
    </Message>
    <Message time="4890958" type="data">
        <Method><![CDATA[playEvent]]></Method>
        <Object>
            <id><![CDATA[2691]]></id>
            <name><![CDATA[playEvent]]></name>
            <time><![CDATA[4939447]]></time>
        </Object>
        <String><![CDATA[setTypingStatus]]></String>
        <Array>
            <Object>
                <code><![CDATA[delete]]></code>
                <name><![CDATA[27]]></name>
                <newValue><![CDATA[]]></newValue>
                <oldValue><![CDATA[]]></oldValue>
            </Object>
        </Array>
    </Message>
    <Message time="4891696" type="data">
        <Method><![CDATA[playEvent]]></Method>
        <Object>
            <id><![CDATA[2693]]></id>
            <name><![CDATA[playEvent]]></name>
            <time><![CDATA[4940185]]></time>
        </Object>
        <String><![CDATA[setTypingStatus]]></String>
        <Array>
            <Object>
                <code><![CDATA[change]]></code>
                <name><![CDATA[35]]></name>
                <newValue><![CDATA[true]]></newValue>
                <oldValue><![CDATA[]]></oldValue>
            </Object>
        </Array>
    </Message>
    <Message time="4892934" type="data">
        <Method><![CDATA[playEvent]]></Method>
        <Object>
            <id><![CDATA[2694]]></id>
            <name><![CDATA[playEvent]]></name>
            <time><![CDATA[4941424]]></time>
        </Object>
        <String><![CDATA[sendMessage6]]></String>
        <Object>
            <color><![CDATA[Black]]></color>
            <fromName><![CDATA[ ]]></fromName>
            <fromPID><![CDATA[138913]]></fromPID>
            <text><![CDATA[khaste nabashid]]></text>
            <toName><![CDATA[]]></toName>
            <toPID><![CDATA[]]></toPID>
            <type><![CDATA[0]]></type>
            <when><![CDATA[1613548563789.000000]]></when>
        </Object>
    </Message>
    <Message time="4892934" type="data">
        <Method><![CDATA[playEvent]]></Method>
        <Object>
            <id><![CDATA[2695]]></id>
            <name><![CDATA[playEvent]]></name>
            <time><![CDATA[4941431]]></time>
        </Object>
        <String><![CDATA[setTypingStatus]]></String>
        <Array>
            <Object>
                <code><![CDATA[delete]]></code>
                <name><![CDATA[15]]></name>
                <newValue><![CDATA[]]></newValue>
                <oldValue><![CDATA[true]]></oldValue>
            </Object>
        </Array>
    </Message>
    <Message time="4892934" type="data">
        <Method><![CDATA[playEvent]]></Method>
        <Object>
            <id><![CDATA[2696]]></id>
            <name><![CDATA[playEvent]]></name>
            <time><![CDATA[4941762]]></time>
        </Object>
        <String><![CDATA[setTypingStatus]]></String>
        <Array>
            <Object>
                <code><![CDATA[delete]]></code>
                <name><![CDATA[29]]></name>
                <newValue><![CDATA[]]></newValue>
                <oldValue><![CDATA[]]></oldValue>
            </Object>
        </Array>
    </Message>
    <Message time="4895616" type="data">
        <Method><![CDATA[playEvent]]></Method>
        <Object>
            <id><![CDATA[2698]]></id>
            <name><![CDATA[playEvent]]></name>
            <time><![CDATA[4944106]]></time>
        </Object>
        <String><![CDATA[setTypingStatus]]></String>
        <Array>
            <Object>
                <code><![CDATA[delete]]></code>
                <name><![CDATA[4]]></name>
                <newValue><![CDATA[]]></newValue>
                <oldValue><![CDATA[]]></oldValue>
            </Object>
        </Array>
    </Message>
    <Message time="4897141" type="data">
        <Method><![CDATA[playEvent]]></Method>
        <Object>
            <id><![CDATA[2700]]></id>
            <name><![CDATA[playEvent]]></name>
            <time><![CDATA[4945631]]></time>
        </Object>
        <String><![CDATA[setTypingStatus]]></String>
        <Array>
            <Object>
                <code><![CDATA[delete]]></code>
                <name><![CDATA[41]]></name>
                <newValue><![CDATA[]]></newValue>
                <oldValue><![CDATA[]]></oldValue>
            </Object>
        </Array>
    </Message>
    <Message time="4898203" type="data">
        <Method><![CDATA[playEvent]]></Method>
        <Object>
            <id><![CDATA[2702]]></id>
            <name><![CDATA[playEvent]]></name>
            <time><![CDATA[4946692]]></time>
        </Object>
        <String><![CDATA[setTypingStatus]]></String>
        <Array>
            <Object>
                <code><![CDATA[delete]]></code>
                <name><![CDATA[40]]></name>
                <newValue><![CDATA[]]></newValue>
                <oldValue><![CDATA[]]></oldValue>
            </Object>
        </Array>
    </Message>
    <Message time="4898203" type="data">
        <Method><![CDATA[playEvent]]></Method>
        <Object>
            <id><![CDATA[2704]]></id>
            <name><![CDATA[playEvent]]></name>
            <time><![CDATA[4947161]]></time>
        </Object>
        <String><![CDATA[setTypingStatus]]></String>
        <Array>
            <Object>
                <code><![CDATA[delete]]></code>
                <name><![CDATA[15]]></name>
                <newValue><![CDATA[]]></newValue>
                <oldValue><![CDATA[]]></oldValue>
            </Object>
        </Array>
    </Message>
    <Message time="4898813" type="data">
        <Method><![CDATA[playEvent]]></Method>
        <Object>
            <id><![CDATA[2706]]></id>
            <name><![CDATA[playEvent]]></name>
            <time><![CDATA[4947303]]></time>
        </Object>
        <String><![CDATA[sendMessage6]]></String>
        <Object>
            <color><![CDATA[Default]]></color>
            <fromName><![CDATA[    2]]></fromName>
            <fromPID><![CDATA[506493]]></fromPID>
            <text><![CDATA[Khaste nabashid]]></text>
            <toName><![CDATA[]]></toName>
            <toPID><![CDATA[]]></toPID>
            <type><![CDATA[0]]></type>
            <when><![CDATA[1613548569669.000000]]></when>
        </Object>
    </Message>
    <Message time="4898813" type="data">
        <Method><![CDATA[playEvent]]></Method>
        <Object>
            <id><![CDATA[2707]]></id>
            <name><![CDATA[playEvent]]></name>
            <time><![CDATA[4947525]]></time>
        </Object>
        <String><![CDATA[setTypingStatus]]></String>
        <Array>
            <Object>
                <code><![CDATA[delete]]></code>
                <name><![CDATA[35]]></name>
                <newValue><![CDATA[]]></newValue>
                <oldValue><![CDATA[true]]></oldValue>
            </Object>
        </Array>
    </Message>
    <Message time="4901593" type="data">
        <Method><![CDATA[playEvent]]></Method>
        <Object>
            <id><![CDATA[2708]]></id>
            <name><![CDATA[playEvent]]></name>
            <time><![CDATA[4950083]]></time>
        </Object>
        <String><![CDATA[setTypingStatus]]></String>
        <Array>
            <Object>
                <code><![CDATA[delete]]></code>
                <name><![CDATA[14]]></name>
                <newValue><![CDATA[]]></newValue>
                <oldValue><![CDATA[]]></oldValue>
            </Object>
        </Array>
    </Message>
    <Message time="4903240" type="data">
        <Method><![CDATA[playEvent]]></Method>
        <Object>
            <id><![CDATA[2711]]></id>
            <name><![CDATA[playEvent]]></name>
            <time><![CDATA[4951729]]></time>
        </Object>
        <String><![CDATA[setTypingStatus]]></String>
        <Array>
            <Object>
                <code><![CDATA[delete]]></code>
                <name><![CDATA[2]]></name>
                <newValue><![CDATA[]]></newValue>
                <oldValue><![CDATA[]]></oldValue>
            </Object>
        </Array>
    </Message>
    <Message time="4904826" type="data">
        <Method><![CDATA[playEvent]]></Method>
        <Object>
            <id><![CDATA[2714]]></id>
            <name><![CDATA[playEvent]]></name>
            <time><![CDATA[4953315]]></time>
        </Object>
        <String><![CDATA[setTypingStatus]]></String>
        <Array>
            <Object>
                <code><![CDATA[delete]]></code>
                <name><![CDATA[3]]></name>
                <newValue><![CDATA[]]></newValue>
                <oldValue><![CDATA[]]></oldValue>
            </Object>
        </Array>
    </Message>
    <Message time="4904826" type="data">
        <Method><![CDATA[playEvent]]></Method>
        <Object>
            <id><![CDATA[2716]]></id>
            <name><![CDATA[playEvent]]></name>
            <time><![CDATA[4953377]]></time>
        </Object>
        <String><![CDATA[setTypingStatus]]></String>
        <Array>
            <Object>
                <code><![CDATA[delete]]></code>
                <name><![CDATA[38]]></name>
                <newValue><![CDATA[]]></newValue>
                <oldValue><![CDATA[]]></oldValue>
            </Object>
        </Array>
    </Message>
    <Message time="4904826" type="data">
        <Method><![CDATA[playEvent]]></Method>
        <String><![CDATA[__stop__]]></String>
    </Message>

    <!--This is a closing comment-->
</root>
