<!--This is the opening comment-->
<root>
    <Signature><![CDATA[FLV]]></Signature>
    <Version><![CDATA[1]]></Version>
    <Flag><![CDATA[data]]></Flag>
    <DataPos><![CDATA[9]]></DataPos>
    <Message time="0" type="data">
        <Method><![CDATA[onMetaData]]></Method>
        <Array>
            <Number><![CDATA[242.091000]]></Number>
            <Number><![CDATA[0]]></Number>
            <Number><![CDATA[0]]></Number>
            <String><![CDATA[false]]></String>
            <String><![CDATA[AMS 5]]></String>
            <String><![CDATA[Wed Feb 17 10:54:37 2021]]></String>
        </Array>
    </Message>
    <Message time="0" type="data">
        <Method><![CDATA[playEvent]]></Method>
        <String><![CDATA[__start__]]></String>
    </Message>
    <Message time="0" type="data">
        <Method><![CDATA[playEvent]]></Method>
        <Object>
            <id><![CDATA[1518]]></id>
            <name><![CDATA[playEvent]]></name>
            <time><![CDATA[3055121]]></time>
        </Object>
        <String><![CDATA[__registerSo__]]></String>
        <Array>
            <Object>
                <soEventName><![CDATA[setQuestionSo]]></soEventName>
                <soName><![CDATA[public/all/5_Question]]></soName>
                <soPersist><![CDATA[true]]></soPersist>
            </Object>
        </Array>
    </Message>
    <Message time="0" type="data">
        <Method><![CDATA[playEvent]]></Method>
        <Object>
            <id><![CDATA[1519]]></id>
            <name><![CDATA[playEvent]]></name>
            <time><![CDATA[3055128]]></time>
        </Object>
        <String><![CDATA[setQuestionSo]]></String>
        <Array>
            <Object>
                <code><![CDATA[change]]></code>
                <name><![CDATA[1]]></name>
                <newValue><![CDATA[0]]></newValue>
                <oldValue><![CDATA[]]></oldValue>
            </Object>
            <Object>
                <code><![CDATA[change]]></code>
                <name><![CDATA[10]]></name>
                <newValue><![CDATA[1]]></newValue>
                <oldValue><![CDATA[]]></oldValue>
            </Object>
            <Object>
                <code><![CDATA[change]]></code>
                <name><![CDATA[11]]></name>
                <newValue><![CDATA[2]]></newValue>
                <oldValue><![CDATA[]]></oldValue>
            </Object>
            <Object>
                <code><![CDATA[change]]></code>
                <name><![CDATA[14]]></name>
                <newValue><![CDATA[1]]></newValue>
                <oldValue><![CDATA[]]></oldValue>
            </Object>
            <Object>
                <code><![CDATA[change]]></code>
                <name><![CDATA[2]]></name>
                <newValue><![CDATA[1]]></newValue>
                <oldValue><![CDATA[]]></oldValue>
            </Object>
            <Object>
                <code><![CDATA[change]]></code>
                <name><![CDATA[22]]></name>
                <newValue><![CDATA[1]]></newValue>
                <oldValue><![CDATA[]]></oldValue>
            </Object>
            <Object>
                <code><![CDATA[change]]></code>
                <name><![CDATA[24]]></name>
                <newValue><![CDATA[1]]></newValue>
                <oldValue><![CDATA[]]></oldValue>
            </Object>
            <Object>
                <code><![CDATA[change]]></code>
                <name><![CDATA[27]]></name>
                <newValue><![CDATA[2]]></newValue>
                <oldValue><![CDATA[]]></oldValue>
            </Object>
            <Object>
                <code><![CDATA[change]]></code>
                <name><![CDATA[29]]></name>
                <newValue><![CDATA[2]]></newValue>
                <oldValue><![CDATA[]]></oldValue>
            </Object>
            <Object>
                <code><![CDATA[change]]></code>
                <name><![CDATA[3]]></name>
                <newValue><![CDATA[1]]></newValue>
                <oldValue><![CDATA[]]></oldValue>
            </Object>
            <Object>
                <code><![CDATA[change]]></code>
                <name><![CDATA[4]]></name>
                <newValue><![CDATA[1]]></newValue>
                <oldValue><![CDATA[]]></oldValue>
            </Object>
            <Object>
                <code><![CDATA[change]]></code>
                <name><![CDATA[6]]></name>
                <newValue><![CDATA[1]]></newValue>
                <oldValue><![CDATA[]]></oldValue>
            </Object>
            <Object>
                <code><![CDATA[change]]></code>
                <name><![CDATA[7]]></name>
                <newValue><![CDATA[2]]></newValue>
                <oldValue><![CDATA[]]></oldValue>
            </Object>
            <Object>
                <code><![CDATA[change]]></code>
                <name><![CDATA[info]]></name>
                <newValue>
                    <answers>
                        <String><![CDATA[]]></String>
                        <String><![CDATA[]]></String>
                        <String><![CDATA[ ]]></String>
                    </answers>
                    <question><![CDATA[              ]]></question>
                    <tID><![CDATA[1]]></tID>
                    <type><![CDATA[choice]]></type>
                </newValue>
                <oldValue><![CDATA[]]></oldValue>
            </Object>
            <Object>
                <code><![CDATA[change]]></code>
                <name><![CDATA[maxZombiVoteObjKey]]></name>
                <newValue><![CDATA[9]]></newValue>
                <oldValue><![CDATA[]]></oldValue>
            </Object>
            <Object>
                <code><![CDATA[change]]></code>
                <name><![CDATA[resultsType]]></name>
                <newValue><![CDATA[#%]]></newValue>
                <oldValue><![CDATA[]]></oldValue>
            </Object>
            <Object>
                <code><![CDATA[change]]></code>
                <name><![CDATA[showResults]]></name>
                <newValue><![CDATA[true]]></newValue>
                <oldValue><![CDATA[]]></oldValue>
            </Object>
            <Object>
                <code><![CDATA[change]]></code>
                <name><![CDATA[state]]></name>
                <newValue><![CDATA[open]]></newValue>
                <oldValue><![CDATA[]]></oldValue>
            </Object>
            <Object>
                <code><![CDATA[change]]></code>
                <name><![CDATA[zombiVotes]]></name>
                <newValue>
                    <Object>
                        <name><![CDATA[ ]]></name>
                        <vote><![CDATA[1]]></vote>
                    </Object>
                    <Object>
                        <name><![CDATA[   ]]></name>
                        <vote><![CDATA[1]]></vote>
                    </Object>
                </newValue>
                <oldValue><![CDATA[]]></oldValue>
            </Object>
        </Array>
    </Message>
    <Message time="19492" type="data">
        <Method><![CDATA[playEvent]]></Method>
        <Object>
            <id><![CDATA[1528]]></id>
            <name><![CDATA[playEvent]]></name>
            <time><![CDATA[3074607]]></time>
        </Object>
        <String><![CDATA[setQuestionSo]]></String>
        <Array>
            <Object>
                <code><![CDATA[change]]></code>
                <name><![CDATA[state]]></name>
                <newValue><![CDATA[done]]></newValue>
                <oldValue><![CDATA[open]]></oldValue>
            </Object>
        </Array>
    </Message>
    <Message time="24076" type="data">
        <Method><![CDATA[playEvent]]></Method>
        <Object>
            <id><![CDATA[1532]]></id>
            <name><![CDATA[playEvent]]></name>
            <time><![CDATA[3079190]]></time>
        </Object>
        <String><![CDATA[setQuestionSo]]></String>
        <Array>
            <Object>
                <code><![CDATA[change]]></code>
                <name><![CDATA[showResults]]></name>
                <newValue><![CDATA[false]]></newValue>
                <oldValue><![CDATA[true]]></oldValue>
            </Object>
        </Array>
    </Message>
    <Message time="82955" type="data">
        <Method><![CDATA[playEvent]]></Method>
        <Object>
            <id><![CDATA[1540]]></id>
            <name><![CDATA[playEvent]]></name>
            <time><![CDATA[3138070]]></time>
        </Object>
        <String><![CDATA[setQuestionSo]]></String>
        <Array>
            <Object>
                <code><![CDATA[change]]></code>
                <name><![CDATA[36]]></name>
                <newValue><![CDATA[1]]></newValue>
                <oldValue><![CDATA[]]></oldValue>
            </Object>
        </Array>
    </Message>
    <Message time="87905" type="data">
        <Method><![CDATA[playEvent]]></Method>
        <Object>
            <id><![CDATA[1542]]></id>
            <name><![CDATA[playEvent]]></name>
            <time><![CDATA[3143019]]></time>
        </Object>
        <String><![CDATA[setQuestionSo]]></String>
        <Array>
            <Object>
                <code><![CDATA[change]]></code>
                <name><![CDATA[zombiVotes]]></name>
                <newValue>
                    <Object>
                        <name><![CDATA[ ]]></name>
                        <vote><![CDATA[1]]></vote>
                    </Object>
                    <Object>
                        <name><![CDATA[   ]]></name>
                        <vote><![CDATA[1]]></vote>
                    </Object>
                </newValue>
                <oldValue>
                    <Object>
                        <name><![CDATA[ ]]></name>
                        <vote><![CDATA[1]]></vote>
                    </Object>
                    <Object>
                        <name><![CDATA[   ]]></name>
                        <vote><![CDATA[1]]></vote>
                    </Object>
                </oldValue>
            </Object>
        </Array>
    </Message>
    <Message time="87905" type="data">
        <Method><![CDATA[playEvent]]></Method>
        <Object>
            <id><![CDATA[1543]]></id>
            <name><![CDATA[playEvent]]></name>
            <time><![CDATA[3143023]]></time>
        </Object>
        <String><![CDATA[setQuestionSo]]></String>
        <Array>
            <Object>
                <code><![CDATA[change]]></code>
                <name><![CDATA[maxZombiVoteObjKey]]></name>
                <newValue><![CDATA[10]]></newValue>
                <oldValue><![CDATA[9]]></oldValue>
            </Object>
        </Array>
    </Message>
    <Message time="87905" type="data">
        <Method><![CDATA[playEvent]]></Method>
        <Object>
            <id><![CDATA[1544]]></id>
            <name><![CDATA[playEvent]]></name>
            <time><![CDATA[3143027]]></time>
        </Object>
        <String><![CDATA[setQuestionSo]]></String>
        <Array>
            <Object>
                <code><![CDATA[delete]]></code>
                <name><![CDATA[10]]></name>
                <newValue><![CDATA[]]></newValue>
                <oldValue><![CDATA[1]]></oldValue>
            </Object>
        </Array>
    </Message>
    <Message time="242091" type="data">
        <Method><![CDATA[playEvent]]></Method>
        <String><![CDATA[__stop__]]></String>
    </Message>

    <!--This is a closing comment-->
</root>
