<!--This is the opening comment-->
<root>
    <Signature><![CDATA[FLV]]></Signature>
    <Version><![CDATA[1]]></Version>
    <Flag><![CDATA[data]]></Flag>
    <DataPos><![CDATA[9]]></DataPos>
    <Message time="0" type="data">
        <Method><![CDATA[onMetaData]]></Method>
        <Array>
            <Number><![CDATA[1.622000]]></Number>
            <Number><![CDATA[0]]></Number>
            <Number><![CDATA[0]]></Number>
            <String><![CDATA[false]]></String>
            <String><![CDATA[AMS 5]]></String>
            <String><![CDATA[Wed Feb 17 10:03:42 2021]]></String>
        </Array>
    </Message>
    <Message time="0" type="data">
        <Method><![CDATA[playEvent]]></Method>
        <String><![CDATA[__start__]]></String>
    </Message>
    <Message time="0" type="data">
        <Method><![CDATA[playEvent]]></Method>
        <Object>
            <id><![CDATA[7]]></id>
            <name><![CDATA[playEvent]]></name>
            <time><![CDATA[77]]></time>
        </Object>
        <String><![CDATA[__registerSo__]]></String>
        <Array>
            <Object>
                <soEventName><![CDATA[setQuestionSo]]></soEventName>
                <soName><![CDATA[public/all/5_Question]]></soName>
                <soPersist><![CDATA[true]]></soPersist>
            </Object>
        </Array>
    </Message>
    <Message time="0" type="data">
        <Method><![CDATA[playEvent]]></Method>
        <Object>
            <id><![CDATA[8]]></id>
            <name><![CDATA[playEvent]]></name>
            <time><![CDATA[83]]></time>
        </Object>
        <String><![CDATA[setQuestionSo]]></String>
        <Array>
            <Object>
                <code><![CDATA[change]]></code>
                <name><![CDATA[1]]></name>
                <newValue><![CDATA[0]]></newValue>
                <oldValue><![CDATA[]]></oldValue>
            </Object>
            <Object>
                <code><![CDATA[change]]></code>
                <name><![CDATA[10]]></name>
                <newValue><![CDATA[1]]></newValue>
                <oldValue><![CDATA[]]></oldValue>
            </Object>
            <Object>
                <code><![CDATA[change]]></code>
                <name><![CDATA[11]]></name>
                <newValue><![CDATA[2]]></newValue>
                <oldValue><![CDATA[]]></oldValue>
            </Object>
            <Object>
                <code><![CDATA[change]]></code>
                <name><![CDATA[12]]></name>
                <newValue><![CDATA[1]]></newValue>
                <oldValue><![CDATA[]]></oldValue>
            </Object>
            <Object>
                <code><![CDATA[change]]></code>
                <name><![CDATA[13]]></name>
                <newValue><![CDATA[1]]></newValue>
                <oldValue><![CDATA[]]></oldValue>
            </Object>
            <Object>
                <code><![CDATA[change]]></code>
                <name><![CDATA[2]]></name>
                <newValue><![CDATA[1]]></newValue>
                <oldValue><![CDATA[]]></oldValue>
            </Object>
            <Object>
                <code><![CDATA[change]]></code>
                <name><![CDATA[4]]></name>
                <newValue><![CDATA[1]]></newValue>
                <oldValue><![CDATA[]]></oldValue>
            </Object>
            <Object>
                <code><![CDATA[change]]></code>
                <name><![CDATA[5]]></name>
                <newValue><![CDATA[1]]></newValue>
                <oldValue><![CDATA[]]></oldValue>
            </Object>
            <Object>
                <code><![CDATA[change]]></code>
                <name><![CDATA[6]]></name>
                <newValue><![CDATA[1]]></newValue>
                <oldValue><![CDATA[]]></oldValue>
            </Object>
            <Object>
                <code><![CDATA[change]]></code>
                <name><![CDATA[8]]></name>
                <newValue><![CDATA[1]]></newValue>
                <oldValue><![CDATA[]]></oldValue>
            </Object>
            <Object>
                <code><![CDATA[change]]></code>
                <name><![CDATA[9]]></name>
                <newValue><![CDATA[1]]></newValue>
                <oldValue><![CDATA[]]></oldValue>
            </Object>
            <Object>
                <code><![CDATA[change]]></code>
                <name><![CDATA[info]]></name>
                <newValue>
                    <answers>
                        <String><![CDATA[]]></String>
                        <String><![CDATA[]]></String>
                        <String><![CDATA[ ]]></String>
                    </answers>
                    <question><![CDATA[              ]]></question>
                    <tID><![CDATA[1]]></tID>
                    <type><![CDATA[choice]]></type>
                </newValue>
                <oldValue><![CDATA[]]></oldValue>
            </Object>
            <Object>
                <code><![CDATA[change]]></code>
                <name><![CDATA[maxZombiVoteObjKey]]></name>
                <newValue><![CDATA[0]]></newValue>
                <oldValue><![CDATA[]]></oldValue>
            </Object>
            <Object>
                <code><![CDATA[change]]></code>
                <name><![CDATA[resultsType]]></name>
                <newValue><![CDATA[#%]]></newValue>
                <oldValue><![CDATA[]]></oldValue>
            </Object>
            <Object>
                <code><![CDATA[change]]></code>
                <name><![CDATA[showResults]]></name>
                <newValue><![CDATA[true]]></newValue>
                <oldValue><![CDATA[]]></oldValue>
            </Object>
            <Object>
                <code><![CDATA[change]]></code>
                <name><![CDATA[state]]></name>
                <newValue><![CDATA[open]]></newValue>
                <oldValue><![CDATA[]]></oldValue>
            </Object>
            <Object>
                <code><![CDATA[change]]></code>
                <name><![CDATA[zombiVotes]]></name>
                <newValue><![CDATA[]]></newValue>
                <oldValue><![CDATA[]]></oldValue>
            </Object>
        </Array>
    </Message>
    <Message time="1622" type="data">
        <Method><![CDATA[playEvent]]></Method>
        <String><![CDATA[__stop__]]></String>
    </Message>

    <!--This is a closing comment-->
</root>
