<!--This is the opening comment-->
<root>
    <Signature><![CDATA[FLV]]></Signature>
    <Version><![CDATA[1]]></Version>
    <Flag><![CDATA[data]]></Flag>
    <DataPos><![CDATA[9]]></DataPos>
    <Message time="0" type="data">
        <Method><![CDATA[onMetaData]]></Method>
        <Array>
            <Number><![CDATA[1028.601000]]></Number>
            <Number><![CDATA[0]]></Number>
            <Number><![CDATA[0]]></Number>
            <String><![CDATA[false]]></String>
            <String><![CDATA[AMS 5]]></String>
            <String><![CDATA[Wed Feb 17 10:34:11 2021]]></String>
        </Array>
    </Message>
    <Message time="0" type="data">
        <Method><![CDATA[playEvent]]></Method>
        <String><![CDATA[__start__]]></String>
    </Message>
    <Message time="0" type="data">
        <Method><![CDATA[playEvent]]></Method>
        <Object>
            <id><![CDATA[992]]></id>
            <name><![CDATA[playEvent]]></name>
            <time><![CDATA[1829309]]></time>
        </Object>
        <String><![CDATA[__registerSo__]]></String>
        <Array>
            <Object>
                <soEventName><![CDATA[setQuestionSo]]></soEventName>
                <soName><![CDATA[public/all/5_Question]]></soName>
                <soPersist><![CDATA[true]]></soPersist>
            </Object>
        </Array>
    </Message>
    <Message time="0" type="data">
        <Method><![CDATA[playEvent]]></Method>
        <Object>
            <id><![CDATA[993]]></id>
            <name><![CDATA[playEvent]]></name>
            <time><![CDATA[1829316]]></time>
        </Object>
        <String><![CDATA[setQuestionSo]]></String>
        <Array>
            <Object>
                <code><![CDATA[change]]></code>
                <name><![CDATA[1]]></name>
                <newValue><![CDATA[0]]></newValue>
                <oldValue><![CDATA[]]></oldValue>
            </Object>
            <Object>
                <code><![CDATA[change]]></code>
                <name><![CDATA[10]]></name>
                <newValue><![CDATA[1]]></newValue>
                <oldValue><![CDATA[]]></oldValue>
            </Object>
            <Object>
                <code><![CDATA[change]]></code>
                <name><![CDATA[11]]></name>
                <newValue><![CDATA[2]]></newValue>
                <oldValue><![CDATA[]]></oldValue>
            </Object>
            <Object>
                <code><![CDATA[change]]></code>
                <name><![CDATA[14]]></name>
                <newValue><![CDATA[1]]></newValue>
                <oldValue><![CDATA[]]></oldValue>
            </Object>
            <Object>
                <code><![CDATA[change]]></code>
                <name><![CDATA[2]]></name>
                <newValue><![CDATA[1]]></newValue>
                <oldValue><![CDATA[]]></oldValue>
            </Object>
            <Object>
                <code><![CDATA[change]]></code>
                <name><![CDATA[22]]></name>
                <newValue><![CDATA[1]]></newValue>
                <oldValue><![CDATA[]]></oldValue>
            </Object>
            <Object>
                <code><![CDATA[change]]></code>
                <name><![CDATA[24]]></name>
                <newValue><![CDATA[1]]></newValue>
                <oldValue><![CDATA[]]></oldValue>
            </Object>
            <Object>
                <code><![CDATA[change]]></code>
                <name><![CDATA[25]]></name>
                <newValue><![CDATA[1]]></newValue>
                <oldValue><![CDATA[]]></oldValue>
            </Object>
            <Object>
                <code><![CDATA[change]]></code>
                <name><![CDATA[3]]></name>
                <newValue><![CDATA[1]]></newValue>
                <oldValue><![CDATA[]]></oldValue>
            </Object>
            <Object>
                <code><![CDATA[change]]></code>
                <name><![CDATA[4]]></name>
                <newValue><![CDATA[1]]></newValue>
                <oldValue><![CDATA[]]></oldValue>
            </Object>
            <Object>
                <code><![CDATA[change]]></code>
                <name><![CDATA[6]]></name>
                <newValue><![CDATA[1]]></newValue>
                <oldValue><![CDATA[]]></oldValue>
            </Object>
            <Object>
                <code><![CDATA[change]]></code>
                <name><![CDATA[7]]></name>
                <newValue><![CDATA[2]]></newValue>
                <oldValue><![CDATA[]]></oldValue>
            </Object>
            <Object>
                <code><![CDATA[change]]></code>
                <name><![CDATA[info]]></name>
                <newValue>
                    <answers>
                        <String><![CDATA[]]></String>
                        <String><![CDATA[]]></String>
                        <String><![CDATA[ ]]></String>
                    </answers>
                    <question><![CDATA[              ]]></question>
                    <tID><![CDATA[1]]></tID>
                    <type><![CDATA[choice]]></type>
                </newValue>
                <oldValue><![CDATA[]]></oldValue>
            </Object>
            <Object>
                <code><![CDATA[change]]></code>
                <name><![CDATA[maxZombiVoteObjKey]]></name>
                <newValue><![CDATA[8]]></newValue>
                <oldValue><![CDATA[]]></oldValue>
            </Object>
            <Object>
                <code><![CDATA[change]]></code>
                <name><![CDATA[resultsType]]></name>
                <newValue><![CDATA[#%]]></newValue>
                <oldValue><![CDATA[]]></oldValue>
            </Object>
            <Object>
                <code><![CDATA[change]]></code>
                <name><![CDATA[showResults]]></name>
                <newValue><![CDATA[true]]></newValue>
                <oldValue><![CDATA[]]></oldValue>
            </Object>
            <Object>
                <code><![CDATA[change]]></code>
                <name><![CDATA[state]]></name>
                <newValue><![CDATA[open]]></newValue>
                <oldValue><![CDATA[]]></oldValue>
            </Object>
            <Object>
                <code><![CDATA[change]]></code>
                <name><![CDATA[zombiVotes]]></name>
                <newValue>
                    <Object>
                        <name><![CDATA[ ]]></name>
                        <vote><![CDATA[1]]></vote>
                    </Object>
                </newValue>
                <oldValue><![CDATA[]]></oldValue>
            </Object>
        </Array>
    </Message>
    <Message time="40658" type="data">
        <Method><![CDATA[playEvent]]></Method>
        <Object>
            <id><![CDATA[1072]]></id>
            <name><![CDATA[playEvent]]></name>
            <time><![CDATA[1869962]]></time>
        </Object>
        <String><![CDATA[setQuestionSo]]></String>
        <Array>
            <Object>
                <code><![CDATA[change]]></code>
                <name><![CDATA[29]]></name>
                <newValue><![CDATA[2]]></newValue>
                <oldValue><![CDATA[]]></oldValue>
            </Object>
        </Array>
    </Message>
    <Message time="45536" type="data">
        <Method><![CDATA[playEvent]]></Method>
        <Object>
            <id><![CDATA[1074]]></id>
            <name><![CDATA[playEvent]]></name>
            <time><![CDATA[1874840]]></time>
        </Object>
        <String><![CDATA[setQuestionSo]]></String>
        <Array>
            <Object>
                <code><![CDATA[change]]></code>
                <name><![CDATA[27]]></name>
                <newValue><![CDATA[2]]></newValue>
                <oldValue><![CDATA[]]></oldValue>
            </Object>
        </Array>
    </Message>
    <Message time="441610" type="data">
        <Method><![CDATA[playEvent]]></Method>
        <Object>
            <id><![CDATA[1201]]></id>
            <name><![CDATA[playEvent]]></name>
            <time><![CDATA[2270914]]></time>
        </Object>
        <String><![CDATA[setQuestionSo]]></String>
        <Array>
            <Object>
                <code><![CDATA[change]]></code>
                <name><![CDATA[27]]></name>
                <newValue><![CDATA[1]]></newValue>
                <oldValue><![CDATA[2]]></oldValue>
            </Object>
        </Array>
    </Message>
    <Message time="441610" type="data">
        <Method><![CDATA[playEvent]]></Method>
        <Object>
            <id><![CDATA[1202]]></id>
            <name><![CDATA[playEvent]]></name>
            <time><![CDATA[2271365]]></time>
        </Object>
        <String><![CDATA[setQuestionSo]]></String>
        <Array>
            <Object>
                <code><![CDATA[change]]></code>
                <name><![CDATA[27]]></name>
                <newValue><![CDATA[2]]></newValue>
                <oldValue><![CDATA[1]]></oldValue>
            </Object>
        </Array>
    </Message>
    <Message time="444110" type="data">
        <Method><![CDATA[playEvent]]></Method>
        <Object>
            <id><![CDATA[1203]]></id>
            <name><![CDATA[playEvent]]></name>
            <time><![CDATA[2273414]]></time>
        </Object>
        <String><![CDATA[setQuestionSo]]></String>
        <Array>
            <Object>
                <code><![CDATA[change]]></code>
                <name><![CDATA[27]]></name>
                <newValue><![CDATA[2]]></newValue>
                <oldValue><![CDATA[2]]></oldValue>
            </Object>
        </Array>
    </Message>
    <Message time="444110" type="data">
        <Method><![CDATA[playEvent]]></Method>
        <Object>
            <id><![CDATA[1204]]></id>
            <name><![CDATA[playEvent]]></name>
            <time><![CDATA[2273618]]></time>
        </Object>
        <String><![CDATA[setQuestionSo]]></String>
        <Array>
            <Object>
                <code><![CDATA[change]]></code>
                <name><![CDATA[27]]></name>
                <newValue><![CDATA[2]]></newValue>
                <oldValue><![CDATA[2]]></oldValue>
            </Object>
        </Array>
    </Message>
    <Message time="444110" type="data">
        <Method><![CDATA[playEvent]]></Method>
        <Object>
            <id><![CDATA[1205]]></id>
            <name><![CDATA[playEvent]]></name>
            <time><![CDATA[2273796]]></time>
        </Object>
        <String><![CDATA[setQuestionSo]]></String>
        <Array>
            <Object>
                <code><![CDATA[change]]></code>
                <name><![CDATA[27]]></name>
                <newValue><![CDATA[2]]></newValue>
                <oldValue><![CDATA[2]]></oldValue>
            </Object>
        </Array>
    </Message>
    <Message time="1028601" type="data">
        <Method><![CDATA[playEvent]]></Method>
        <String><![CDATA[__stop__]]></String>
    </Message>

    <!--This is a closing comment-->
</root>
