<!--This is the opening comment-->
<root>
    <Signature><![CDATA[FLV]]></Signature>
    <Version><![CDATA[1]]></Version>
    <Flag><![CDATA[data]]></Flag>
    <DataPos><![CDATA[9]]></DataPos>
    <Message time="0" type="data">
        <Method><![CDATA[onMetaData]]></Method>
        <Array>
            <Number><![CDATA[168.356000]]></Number>
            <Number><![CDATA[0]]></Number>
            <Number><![CDATA[0]]></Number>
            <String><![CDATA[false]]></String>
            <String><![CDATA[AMS 5]]></String>
            <String><![CDATA[Wed Feb 17 10:04:30 2021]]></String>
        </Array>
    </Message>
    <Message time="0" type="data">
        <Method><![CDATA[playEvent]]></Method>
        <String><![CDATA[__start__]]></String>
    </Message>
    <Message time="0" type="data">
        <Method><![CDATA[playEvent]]></Method>
        <Object>
            <id><![CDATA[32]]></id>
            <name><![CDATA[playEvent]]></name>
            <time><![CDATA[48480]]></time>
        </Object>
        <String><![CDATA[__registerSo__]]></String>
        <Array>
            <Object>
                <soEventName><![CDATA[setTitleSo]]></soEventName>
                <soName><![CDATA[presenters/all/12_title]]></soName>
                <soPersist><![CDATA[true]]></soPersist>
            </Object>
        </Array>
    </Message>
    <Message time="0" type="data">
        <Method><![CDATA[playEvent]]></Method>
        <Object>
            <id><![CDATA[33]]></id>
            <name><![CDATA[playEvent]]></name>
            <time><![CDATA[48483]]></time>
        </Object>
        <String><![CDATA[setTitleSo]]></String>
        <Array>
            <Object>
                <code><![CDATA[change]]></code>
                <name><![CDATA[htmlText]]></name>
                <newValue><![CDATA[]]></newValue>
                <oldValue><![CDATA[]]></oldValue>
            </Object>
            <Object>
                <code><![CDATA[change]]></code>
                <name><![CDATA[tID]]></name>
                <newValue><![CDATA[-1]]></newValue>
                <oldValue><![CDATA[]]></oldValue>
            </Object>
            <Object>
                <code><![CDATA[change]]></code>
                <name><![CDATA[version]]></name>
                <newValue><![CDATA[8]]></newValue>
                <oldValue><![CDATA[]]></oldValue>
            </Object>
        </Array>
    </Message>
    <Message time="168356" type="data">
        <Method><![CDATA[playEvent]]></Method>
        <String><![CDATA[__stop__]]></String>
    </Message>

    <!--This is a closing comment-->
</root>
